"sample","pop","count"
"2025_08_28_AB_08-INF166-00_SEB (Unmixed).fcs","root",1550664
"2025_08_28_AB_08-INF166-00_SEB (Unmixed).fcs","/singletsFSC",1380306
"2025_08_28_AB_08-INF166-00_SEB (Unmixed).fcs","/singletsFSC/singletsSSC",1200328
"2025_08_28_AB_08-INF166-00_SEB (Unmixed).fcs","/singletsFSC/singletsSSC/singletsSSCB",1097863
"2025_08_28_AB_08-INF166-00_SEB (Unmixed).fcs","/singletsFSC/singletsSSC/singletsSSCB/CD45",1006028
"2025_08_28_AB_08-INF166-00_SEB (Unmixed).fcs","/singletsFSC/singletsSSC/singletsSSCB/CD45/NotMonocytes",881924
"2025_08_28_AB_08-INF166-00_SEB (Unmixed).fcs","/singletsFSC/singletsSSC/singletsSSCB/CD45/NotMonocytes/nonDebris",874884
"2025_08_28_AB_08-INF166-00_SEB (Unmixed).fcs","/singletsFSC/singletsSSC/singletsSSCB/CD45/NotMonocytes/nonDebris/lymphocytes",620906
"2025_08_28_AB_08-INF166-00_SEB (Unmixed).fcs","/singletsFSC/singletsSSC/singletsSSCB/CD45/NotMonocytes/nonDebris/lymphocytes/live",487454
"2025_08_28_AB_08-INF166-00_SEB (Unmixed).fcs","/singletsFSC/singletsSSC/singletsSSCB/CD45/NotMonocytes/nonDebris/lymphocytes/live/Dump+",52835
"2025_08_28_AB_08-INF166-00_SEB (Unmixed).fcs","/singletsFSC/singletsSSC/singletsSSCB/CD45/NotMonocytes/nonDebris/lymphocytes/live/Dump-",434619
"2025_08_28_AB_08-INF166-00_SEB (Unmixed).fcs","/singletsFSC/singletsSSC/singletsSSCB/CD45/NotMonocytes/nonDebris/lymphocytes/live/Dump-/Tcells",328840
"2025_08_28_AB_08-INF166-00_SEB (Unmixed).fcs","/singletsFSC/singletsSSC/singletsSSCB/CD45/NotMonocytes/nonDebris/lymphocytes/live/Dump-/Tcells/Vd2+",835
"2025_08_28_AB_08-INF166-00_SEB (Unmixed).fcs","/singletsFSC/singletsSSC/singletsSSCB/CD45/NotMonocytes/nonDebris/lymphocytes/live/Dump-/Tcells/Vd2-",328005
"2025_08_28_AB_08-INF166-00_SEB (Unmixed).fcs","/singletsFSC/singletsSSC/singletsSSCB/CD45/NotMonocytes/nonDebris/lymphocytes/live/Dump-/Tcells/Vd2-/Va7.2+",1978
"2025_08_28_AB_08-INF166-00_SEB (Unmixed).fcs","/singletsFSC/singletsSSC/singletsSSCB/CD45/NotMonocytes/nonDebris/lymphocytes/live/Dump-/Tcells/Vd2-/Va7.2-",326027
"2025_08_28_AB_08-INF166-00_SEB (Unmixed).fcs","/singletsFSC/singletsSSC/singletsSSCB/CD45/NotMonocytes/nonDebris/lymphocytes/live/Dump-/Tcells/Vd2-/Va7.2-/CD4+",270313
"2025_08_28_AB_08-INF166-00_SEB (Unmixed).fcs","/singletsFSC/singletsSSC/singletsSSCB/CD45/NotMonocytes/nonDebris/lymphocytes/live/Dump-/Tcells/Vd2-/Va7.2-/CD4-",55714
"2025_08_28_AB_08-INF166-00_SEB (Unmixed).fcs","/singletsFSC/singletsSSC/singletsSSCB/CD45/NotMonocytes/nonDebris/lymphocytes/live/Dump-/Tcells/Vd2-/Va7.2-/CD4-/CD8+",46697
"2025_08_28_AB_08-INF166-00_SEB (Unmixed).fcs","/singletsFSC/singletsSSC/singletsSSCB/CD45/NotMonocytes/nonDebris/lymphocytes/live/Dump-/Tcells/Vd2-/Va7.2-/CD4-/CD8-",9017
"2025_08_28_AB_08-INF166-04_SEB (Unmixed).fcs","root",775352
"2025_08_28_AB_08-INF166-04_SEB (Unmixed).fcs","/singletsFSC",679787
"2025_08_28_AB_08-INF166-04_SEB (Unmixed).fcs","/singletsFSC/singletsSSC",538754
"2025_08_28_AB_08-INF166-04_SEB (Unmixed).fcs","/singletsFSC/singletsSSC/singletsSSCB",516822
"2025_08_28_AB_08-INF166-04_SEB (Unmixed).fcs","/singletsFSC/singletsSSC/singletsSSCB/CD45",511111
"2025_08_28_AB_08-INF166-04_SEB (Unmixed).fcs","/singletsFSC/singletsSSC/singletsSSCB/CD45/NotMonocytes",499167
"2025_08_28_AB_08-INF166-04_SEB (Unmixed).fcs","/singletsFSC/singletsSSC/singletsSSCB/CD45/NotMonocytes/nonDebris",490339
"2025_08_28_AB_08-INF166-04_SEB (Unmixed).fcs","/singletsFSC/singletsSSC/singletsSSCB/CD45/NotMonocytes/nonDebris/lymphocytes",406600
"2025_08_28_AB_08-INF166-04_SEB (Unmixed).fcs","/singletsFSC/singletsSSC/singletsSSCB/CD45/NotMonocytes/nonDebris/lymphocytes/live",390572
"2025_08_28_AB_08-INF166-04_SEB (Unmixed).fcs","/singletsFSC/singletsSSC/singletsSSCB/CD45/NotMonocytes/nonDebris/lymphocytes/live/Dump+",172058
"2025_08_28_AB_08-INF166-04_SEB (Unmixed).fcs","/singletsFSC/singletsSSC/singletsSSCB/CD45/NotMonocytes/nonDebris/lymphocytes/live/Dump-",218514
"2025_08_28_AB_08-INF166-04_SEB (Unmixed).fcs","/singletsFSC/singletsSSC/singletsSSCB/CD45/NotMonocytes/nonDebris/lymphocytes/live/Dump-/Tcells",201010
"2025_08_28_AB_08-INF166-04_SEB (Unmixed).fcs","/singletsFSC/singletsSSC/singletsSSCB/CD45/NotMonocytes/nonDebris/lymphocytes/live/Dump-/Tcells/Vd2+",2038
"2025_08_28_AB_08-INF166-04_SEB (Unmixed).fcs","/singletsFSC/singletsSSC/singletsSSCB/CD45/NotMonocytes/nonDebris/lymphocytes/live/Dump-/Tcells/Vd2-",198972
"2025_08_28_AB_08-INF166-04_SEB (Unmixed).fcs","/singletsFSC/singletsSSC/singletsSSCB/CD45/NotMonocytes/nonDebris/lymphocytes/live/Dump-/Tcells/Vd2-/Va7.2+",737
"2025_08_28_AB_08-INF166-04_SEB (Unmixed).fcs","/singletsFSC/singletsSSC/singletsSSCB/CD45/NotMonocytes/nonDebris/lymphocytes/live/Dump-/Tcells/Vd2-/Va7.2-",198235
"2025_08_28_AB_08-INF166-04_SEB (Unmixed).fcs","/singletsFSC/singletsSSC/singletsSSCB/CD45/NotMonocytes/nonDebris/lymphocytes/live/Dump-/Tcells/Vd2-/Va7.2-/CD4+",128698
"2025_08_28_AB_08-INF166-04_SEB (Unmixed).fcs","/singletsFSC/singletsSSC/singletsSSCB/CD45/NotMonocytes/nonDebris/lymphocytes/live/Dump-/Tcells/Vd2-/Va7.2-/CD4-",69537
"2025_08_28_AB_08-INF166-04_SEB (Unmixed).fcs","/singletsFSC/singletsSSC/singletsSSCB/CD45/NotMonocytes/nonDebris/lymphocytes/live/Dump-/Tcells/Vd2-/Va7.2-/CD4-/CD8+",58299
"2025_08_28_AB_08-INF166-04_SEB (Unmixed).fcs","/singletsFSC/singletsSSC/singletsSSCB/CD45/NotMonocytes/nonDebris/lymphocytes/live/Dump-/Tcells/Vd2-/Va7.2-/CD4-/CD8-",11238
"2025_08_28_AB_08-INF166-09_SEB (Unmixed).fcs","root",1043248
"2025_08_28_AB_08-INF166-09_SEB (Unmixed).fcs","/singletsFSC",923970
"2025_08_28_AB_08-INF166-09_SEB (Unmixed).fcs","/singletsFSC/singletsSSC",742880
"2025_08_28_AB_08-INF166-09_SEB (Unmixed).fcs","/singletsFSC/singletsSSC/singletsSSCB",716921
"2025_08_28_AB_08-INF166-09_SEB (Unmixed).fcs","/singletsFSC/singletsSSC/singletsSSCB/CD45",703382
"2025_08_28_AB_08-INF166-09_SEB (Unmixed).fcs","/singletsFSC/singletsSSC/singletsSSCB/CD45/NotMonocytes",691235
"2025_08_28_AB_08-INF166-09_SEB (Unmixed).fcs","/singletsFSC/singletsSSC/singletsSSCB/CD45/NotMonocytes/nonDebris",680411
"2025_08_28_AB_08-INF166-09_SEB (Unmixed).fcs","/singletsFSC/singletsSSC/singletsSSCB/CD45/NotMonocytes/nonDebris/lymphocytes",573086
"2025_08_28_AB_08-INF166-09_SEB (Unmixed).fcs","/singletsFSC/singletsSSC/singletsSSCB/CD45/NotMonocytes/nonDebris/lymphocytes/live",542105
"2025_08_28_AB_08-INF166-09_SEB (Unmixed).fcs","/singletsFSC/singletsSSC/singletsSSCB/CD45/NotMonocytes/nonDebris/lymphocytes/live/Dump+",173818
"2025_08_28_AB_08-INF166-09_SEB (Unmixed).fcs","/singletsFSC/singletsSSC/singletsSSCB/CD45/NotMonocytes/nonDebris/lymphocytes/live/Dump-",368287
"2025_08_28_AB_08-INF166-09_SEB (Unmixed).fcs","/singletsFSC/singletsSSC/singletsSSCB/CD45/NotMonocytes/nonDebris/lymphocytes/live/Dump-/Tcells",351974
"2025_08_28_AB_08-INF166-09_SEB (Unmixed).fcs","/singletsFSC/singletsSSC/singletsSSCB/CD45/NotMonocytes/nonDebris/lymphocytes/live/Dump-/Tcells/Vd2+",2738
"2025_08_28_AB_08-INF166-09_SEB (Unmixed).fcs","/singletsFSC/singletsSSC/singletsSSCB/CD45/NotMonocytes/nonDebris/lymphocytes/live/Dump-/Tcells/Vd2-",349236
"2025_08_28_AB_08-INF166-09_SEB (Unmixed).fcs","/singletsFSC/singletsSSC/singletsSSCB/CD45/NotMonocytes/nonDebris/lymphocytes/live/Dump-/Tcells/Vd2-/Va7.2+",1719
"2025_08_28_AB_08-INF166-09_SEB (Unmixed).fcs","/singletsFSC/singletsSSC/singletsSSCB/CD45/NotMonocytes/nonDebris/lymphocytes/live/Dump-/Tcells/Vd2-/Va7.2-",347517
"2025_08_28_AB_08-INF166-09_SEB (Unmixed).fcs","/singletsFSC/singletsSSC/singletsSSCB/CD45/NotMonocytes/nonDebris/lymphocytes/live/Dump-/Tcells/Vd2-/Va7.2-/CD4+",239636
"2025_08_28_AB_08-INF166-09_SEB (Unmixed).fcs","/singletsFSC/singletsSSC/singletsSSCB/CD45/NotMonocytes/nonDebris/lymphocytes/live/Dump-/Tcells/Vd2-/Va7.2-/CD4-",107881
"2025_08_28_AB_08-INF166-09_SEB (Unmixed).fcs","/singletsFSC/singletsSSC/singletsSSCB/CD45/NotMonocytes/nonDebris/lymphocytes/live/Dump-/Tcells/Vd2-/Va7.2-/CD4-/CD8+",91241
"2025_08_28_AB_08-INF166-09_SEB (Unmixed).fcs","/singletsFSC/singletsSSC/singletsSSCB/CD45/NotMonocytes/nonDebris/lymphocytes/live/Dump-/Tcells/Vd2-/Va7.2-/CD4-/CD8-",16640
"2025_08_28_AB_08-INF199-00_SEB (Unmixed).fcs","root",1582712
"2025_08_28_AB_08-INF199-00_SEB (Unmixed).fcs","/singletsFSC",1412403
"2025_08_28_AB_08-INF199-00_SEB (Unmixed).fcs","/singletsFSC/singletsSSC",1263938
"2025_08_28_AB_08-INF199-00_SEB (Unmixed).fcs","/singletsFSC/singletsSSC/singletsSSCB",1177939
"2025_08_28_AB_08-INF199-00_SEB (Unmixed).fcs","/singletsFSC/singletsSSC/singletsSSCB/CD45",1024741
"2025_08_28_AB_08-INF199-00_SEB (Unmixed).fcs","/singletsFSC/singletsSSC/singletsSSCB/CD45/NotMonocytes",887563
"2025_08_28_AB_08-INF199-00_SEB (Unmixed).fcs","/singletsFSC/singletsSSC/singletsSSCB/CD45/NotMonocytes/nonDebris",864290
"2025_08_28_AB_08-INF199-00_SEB (Unmixed).fcs","/singletsFSC/singletsSSC/singletsSSCB/CD45/NotMonocytes/nonDebris/lymphocytes",726424
"2025_08_28_AB_08-INF199-00_SEB (Unmixed).fcs","/singletsFSC/singletsSSC/singletsSSCB/CD45/NotMonocytes/nonDebris/lymphocytes/live",205317
"2025_08_28_AB_08-INF199-00_SEB (Unmixed).fcs","/singletsFSC/singletsSSC/singletsSSCB/CD45/NotMonocytes/nonDebris/lymphocytes/live/Dump+",30092
"2025_08_28_AB_08-INF199-00_SEB (Unmixed).fcs","/singletsFSC/singletsSSC/singletsSSCB/CD45/NotMonocytes/nonDebris/lymphocytes/live/Dump-",175225
"2025_08_28_AB_08-INF199-00_SEB (Unmixed).fcs","/singletsFSC/singletsSSC/singletsSSCB/CD45/NotMonocytes/nonDebris/lymphocytes/live/Dump-/Tcells",136480
"2025_08_28_AB_08-INF199-00_SEB (Unmixed).fcs","/singletsFSC/singletsSSC/singletsSSCB/CD45/NotMonocytes/nonDebris/lymphocytes/live/Dump-/Tcells/Vd2+",1555
"2025_08_28_AB_08-INF199-00_SEB (Unmixed).fcs","/singletsFSC/singletsSSC/singletsSSCB/CD45/NotMonocytes/nonDebris/lymphocytes/live/Dump-/Tcells/Vd2-",134925
"2025_08_28_AB_08-INF199-00_SEB (Unmixed).fcs","/singletsFSC/singletsSSC/singletsSSCB/CD45/NotMonocytes/nonDebris/lymphocytes/live/Dump-/Tcells/Vd2-/Va7.2+",1650
"2025_08_28_AB_08-INF199-00_SEB (Unmixed).fcs","/singletsFSC/singletsSSC/singletsSSCB/CD45/NotMonocytes/nonDebris/lymphocytes/live/Dump-/Tcells/Vd2-/Va7.2-",133275
"2025_08_28_AB_08-INF199-00_SEB (Unmixed).fcs","/singletsFSC/singletsSSC/singletsSSCB/CD45/NotMonocytes/nonDebris/lymphocytes/live/Dump-/Tcells/Vd2-/Va7.2-/CD4+",72814
"2025_08_28_AB_08-INF199-00_SEB (Unmixed).fcs","/singletsFSC/singletsSSC/singletsSSCB/CD45/NotMonocytes/nonDebris/lymphocytes/live/Dump-/Tcells/Vd2-/Va7.2-/CD4-",60461
"2025_08_28_AB_08-INF199-00_SEB (Unmixed).fcs","/singletsFSC/singletsSSC/singletsSSCB/CD45/NotMonocytes/nonDebris/lymphocytes/live/Dump-/Tcells/Vd2-/Va7.2-/CD4-/CD8+",51544
"2025_08_28_AB_08-INF199-00_SEB (Unmixed).fcs","/singletsFSC/singletsSSC/singletsSSCB/CD45/NotMonocytes/nonDebris/lymphocytes/live/Dump-/Tcells/Vd2-/Va7.2-/CD4-/CD8-",8917
"2025_08_28_AB_08-INF199-04_SEB (Unmixed).fcs","root",915104
"2025_08_28_AB_08-INF199-04_SEB (Unmixed).fcs","/singletsFSC",813472
"2025_08_28_AB_08-INF199-04_SEB (Unmixed).fcs","/singletsFSC/singletsSSC",701070
"2025_08_28_AB_08-INF199-04_SEB (Unmixed).fcs","/singletsFSC/singletsSSC/singletsSSCB",665961
"2025_08_28_AB_08-INF199-04_SEB (Unmixed).fcs","/singletsFSC/singletsSSC/singletsSSCB/CD45",621032
"2025_08_28_AB_08-INF199-04_SEB (Unmixed).fcs","/singletsFSC/singletsSSC/singletsSSCB/CD45/NotMonocytes",593917
"2025_08_28_AB_08-INF199-04_SEB (Unmixed).fcs","/singletsFSC/singletsSSC/singletsSSCB/CD45/NotMonocytes/nonDebris",575125
"2025_08_28_AB_08-INF199-04_SEB (Unmixed).fcs","/singletsFSC/singletsSSC/singletsSSCB/CD45/NotMonocytes/nonDebris/lymphocytes",374720
"2025_08_28_AB_08-INF199-04_SEB (Unmixed).fcs","/singletsFSC/singletsSSC/singletsSSCB/CD45/NotMonocytes/nonDebris/lymphocytes/live",318179
"2025_08_28_AB_08-INF199-04_SEB (Unmixed).fcs","/singletsFSC/singletsSSC/singletsSSCB/CD45/NotMonocytes/nonDebris/lymphocytes/live/Dump+",90895
"2025_08_28_AB_08-INF199-04_SEB (Unmixed).fcs","/singletsFSC/singletsSSC/singletsSSCB/CD45/NotMonocytes/nonDebris/lymphocytes/live/Dump-",227284
"2025_08_28_AB_08-INF199-04_SEB (Unmixed).fcs","/singletsFSC/singletsSSC/singletsSSCB/CD45/NotMonocytes/nonDebris/lymphocytes/live/Dump-/Tcells",200002
"2025_08_28_AB_08-INF199-04_SEB (Unmixed).fcs","/singletsFSC/singletsSSC/singletsSSCB/CD45/NotMonocytes/nonDebris/lymphocytes/live/Dump-/Tcells/Vd2+",3438
"2025_08_28_AB_08-INF199-04_SEB (Unmixed).fcs","/singletsFSC/singletsSSC/singletsSSCB/CD45/NotMonocytes/nonDebris/lymphocytes/live/Dump-/Tcells/Vd2-",196564
"2025_08_28_AB_08-INF199-04_SEB (Unmixed).fcs","/singletsFSC/singletsSSC/singletsSSCB/CD45/NotMonocytes/nonDebris/lymphocytes/live/Dump-/Tcells/Vd2-/Va7.2+",885
"2025_08_28_AB_08-INF199-04_SEB (Unmixed).fcs","/singletsFSC/singletsSSC/singletsSSCB/CD45/NotMonocytes/nonDebris/lymphocytes/live/Dump-/Tcells/Vd2-/Va7.2-",195679
"2025_08_28_AB_08-INF199-04_SEB (Unmixed).fcs","/singletsFSC/singletsSSC/singletsSSCB/CD45/NotMonocytes/nonDebris/lymphocytes/live/Dump-/Tcells/Vd2-/Va7.2-/CD4+",48532
"2025_08_28_AB_08-INF199-04_SEB (Unmixed).fcs","/singletsFSC/singletsSSC/singletsSSCB/CD45/NotMonocytes/nonDebris/lymphocytes/live/Dump-/Tcells/Vd2-/Va7.2-/CD4-",147147
"2025_08_28_AB_08-INF199-04_SEB (Unmixed).fcs","/singletsFSC/singletsSSC/singletsSSCB/CD45/NotMonocytes/nonDebris/lymphocytes/live/Dump-/Tcells/Vd2-/Va7.2-/CD4-/CD8+",115995
"2025_08_28_AB_08-INF199-04_SEB (Unmixed).fcs","/singletsFSC/singletsSSC/singletsSSCB/CD45/NotMonocytes/nonDebris/lymphocytes/live/Dump-/Tcells/Vd2-/Va7.2-/CD4-/CD8-",31152
"2025_08_28_AB_08-INF199-09_SEB (Unmixed).fcs","root",333800
"2025_08_28_AB_08-INF199-09_SEB (Unmixed).fcs","/singletsFSC",301408
"2025_08_28_AB_08-INF199-09_SEB (Unmixed).fcs","/singletsFSC/singletsSSC",254051
"2025_08_28_AB_08-INF199-09_SEB (Unmixed).fcs","/singletsFSC/singletsSSC/singletsSSCB",245249
"2025_08_28_AB_08-INF199-09_SEB (Unmixed).fcs","/singletsFSC/singletsSSC/singletsSSCB/CD45",240956
"2025_08_28_AB_08-INF199-09_SEB (Unmixed).fcs","/singletsFSC/singletsSSC/singletsSSCB/CD45/NotMonocytes",238127
"2025_08_28_AB_08-INF199-09_SEB (Unmixed).fcs","/singletsFSC/singletsSSC/singletsSSCB/CD45/NotMonocytes/nonDebris",232159
"2025_08_28_AB_08-INF199-09_SEB (Unmixed).fcs","/singletsFSC/singletsSSC/singletsSSCB/CD45/NotMonocytes/nonDebris/lymphocytes",191787
"2025_08_28_AB_08-INF199-09_SEB (Unmixed).fcs","/singletsFSC/singletsSSC/singletsSSCB/CD45/NotMonocytes/nonDebris/lymphocytes/live",181872
"2025_08_28_AB_08-INF199-09_SEB (Unmixed).fcs","/singletsFSC/singletsSSC/singletsSSCB/CD45/NotMonocytes/nonDebris/lymphocytes/live/Dump+",39385
"2025_08_28_AB_08-INF199-09_SEB (Unmixed).fcs","/singletsFSC/singletsSSC/singletsSSCB/CD45/NotMonocytes/nonDebris/lymphocytes/live/Dump-",142487
"2025_08_28_AB_08-INF199-09_SEB (Unmixed).fcs","/singletsFSC/singletsSSC/singletsSSCB/CD45/NotMonocytes/nonDebris/lymphocytes/live/Dump-/Tcells",132098
"2025_08_28_AB_08-INF199-09_SEB (Unmixed).fcs","/singletsFSC/singletsSSC/singletsSSCB/CD45/NotMonocytes/nonDebris/lymphocytes/live/Dump-/Tcells/Vd2+",600
"2025_08_28_AB_08-INF199-09_SEB (Unmixed).fcs","/singletsFSC/singletsSSC/singletsSSCB/CD45/NotMonocytes/nonDebris/lymphocytes/live/Dump-/Tcells/Vd2-",131498
"2025_08_28_AB_08-INF199-09_SEB (Unmixed).fcs","/singletsFSC/singletsSSC/singletsSSCB/CD45/NotMonocytes/nonDebris/lymphocytes/live/Dump-/Tcells/Vd2-/Va7.2+",808
"2025_08_28_AB_08-INF199-09_SEB (Unmixed).fcs","/singletsFSC/singletsSSC/singletsSSCB/CD45/NotMonocytes/nonDebris/lymphocytes/live/Dump-/Tcells/Vd2-/Va7.2-",130690
"2025_08_28_AB_08-INF199-09_SEB (Unmixed).fcs","/singletsFSC/singletsSSC/singletsSSCB/CD45/NotMonocytes/nonDebris/lymphocytes/live/Dump-/Tcells/Vd2-/Va7.2-/CD4+",41955
"2025_08_28_AB_08-INF199-09_SEB (Unmixed).fcs","/singletsFSC/singletsSSC/singletsSSCB/CD45/NotMonocytes/nonDebris/lymphocytes/live/Dump-/Tcells/Vd2-/Va7.2-/CD4-",88735
"2025_08_28_AB_08-INF199-09_SEB (Unmixed).fcs","/singletsFSC/singletsSSC/singletsSSCB/CD45/NotMonocytes/nonDebris/lymphocytes/live/Dump-/Tcells/Vd2-/Va7.2-/CD4-/CD8+",73064
"2025_08_28_AB_08-INF199-09_SEB (Unmixed).fcs","/singletsFSC/singletsSSC/singletsSSCB/CD45/NotMonocytes/nonDebris/lymphocytes/live/Dump-/Tcells/Vd2-/Va7.2-/CD4-/CD8-",15671
"2025_08_28_AB_08-INF207-00_SEB (Unmixed).fcs","root",1196056
"2025_08_28_AB_08-INF207-00_SEB (Unmixed).fcs","/singletsFSC",1073884
"2025_08_28_AB_08-INF207-00_SEB (Unmixed).fcs","/singletsFSC/singletsSSC",953274
"2025_08_28_AB_08-INF207-00_SEB (Unmixed).fcs","/singletsFSC/singletsSSC/singletsSSCB",871433
"2025_08_28_AB_08-INF207-00_SEB (Unmixed).fcs","/singletsFSC/singletsSSC/singletsSSCB/CD45",801074
"2025_08_28_AB_08-INF207-00_SEB (Unmixed).fcs","/singletsFSC/singletsSSC/singletsSSCB/CD45/NotMonocytes",483917
"2025_08_28_AB_08-INF207-00_SEB (Unmixed).fcs","/singletsFSC/singletsSSC/singletsSSCB/CD45/NotMonocytes/nonDebris",478813
"2025_08_28_AB_08-INF207-00_SEB (Unmixed).fcs","/singletsFSC/singletsSSC/singletsSSCB/CD45/NotMonocytes/nonDebris/lymphocytes",312543
"2025_08_28_AB_08-INF207-00_SEB (Unmixed).fcs","/singletsFSC/singletsSSC/singletsSSCB/CD45/NotMonocytes/nonDebris/lymphocytes/live",278779
"2025_08_28_AB_08-INF207-00_SEB (Unmixed).fcs","/singletsFSC/singletsSSC/singletsSSCB/CD45/NotMonocytes/nonDebris/lymphocytes/live/Dump+",120444
"2025_08_28_AB_08-INF207-00_SEB (Unmixed).fcs","/singletsFSC/singletsSSC/singletsSSCB/CD45/NotMonocytes/nonDebris/lymphocytes/live/Dump-",158335
"2025_08_28_AB_08-INF207-00_SEB (Unmixed).fcs","/singletsFSC/singletsSSC/singletsSSCB/CD45/NotMonocytes/nonDebris/lymphocytes/live/Dump-/Tcells",36036
"2025_08_28_AB_08-INF207-00_SEB (Unmixed).fcs","/singletsFSC/singletsSSC/singletsSSCB/CD45/NotMonocytes/nonDebris/lymphocytes/live/Dump-/Tcells/Vd2+",793
"2025_08_28_AB_08-INF207-00_SEB (Unmixed).fcs","/singletsFSC/singletsSSC/singletsSSCB/CD45/NotMonocytes/nonDebris/lymphocytes/live/Dump-/Tcells/Vd2-",35243
"2025_08_28_AB_08-INF207-00_SEB (Unmixed).fcs","/singletsFSC/singletsSSC/singletsSSCB/CD45/NotMonocytes/nonDebris/lymphocytes/live/Dump-/Tcells/Vd2-/Va7.2+",209
"2025_08_28_AB_08-INF207-00_SEB (Unmixed).fcs","/singletsFSC/singletsSSC/singletsSSCB/CD45/NotMonocytes/nonDebris/lymphocytes/live/Dump-/Tcells/Vd2-/Va7.2-",35034
"2025_08_28_AB_08-INF207-00_SEB (Unmixed).fcs","/singletsFSC/singletsSSC/singletsSSCB/CD45/NotMonocytes/nonDebris/lymphocytes/live/Dump-/Tcells/Vd2-/Va7.2-/CD4+",15050
"2025_08_28_AB_08-INF207-00_SEB (Unmixed).fcs","/singletsFSC/singletsSSC/singletsSSCB/CD45/NotMonocytes/nonDebris/lymphocytes/live/Dump-/Tcells/Vd2-/Va7.2-/CD4-",19984
"2025_08_28_AB_08-INF207-00_SEB (Unmixed).fcs","/singletsFSC/singletsSSC/singletsSSCB/CD45/NotMonocytes/nonDebris/lymphocytes/live/Dump-/Tcells/Vd2-/Va7.2-/CD4-/CD8+",14056
"2025_08_28_AB_08-INF207-00_SEB (Unmixed).fcs","/singletsFSC/singletsSSC/singletsSSCB/CD45/NotMonocytes/nonDebris/lymphocytes/live/Dump-/Tcells/Vd2-/Va7.2-/CD4-/CD8-",5928
"2025_08_28_AB_08-INF207-04_SEB (Unmixed).fcs","root",766016
"2025_08_28_AB_08-INF207-04_SEB (Unmixed).fcs","/singletsFSC",680078
"2025_08_28_AB_08-INF207-04_SEB (Unmixed).fcs","/singletsFSC/singletsSSC",547528
"2025_08_28_AB_08-INF207-04_SEB (Unmixed).fcs","/singletsFSC/singletsSSC/singletsSSCB",530330
"2025_08_28_AB_08-INF207-04_SEB (Unmixed).fcs","/singletsFSC/singletsSSC/singletsSSCB/CD45",523880
"2025_08_28_AB_08-INF207-04_SEB (Unmixed).fcs","/singletsFSC/singletsSSC/singletsSSCB/CD45/NotMonocytes",513986
"2025_08_28_AB_08-INF207-04_SEB (Unmixed).fcs","/singletsFSC/singletsSSC/singletsSSCB/CD45/NotMonocytes/nonDebris",506177
"2025_08_28_AB_08-INF207-04_SEB (Unmixed).fcs","/singletsFSC/singletsSSC/singletsSSCB/CD45/NotMonocytes/nonDebris/lymphocytes",435133
"2025_08_28_AB_08-INF207-04_SEB (Unmixed).fcs","/singletsFSC/singletsSSC/singletsSSCB/CD45/NotMonocytes/nonDebris/lymphocytes/live",421856
"2025_08_28_AB_08-INF207-04_SEB (Unmixed).fcs","/singletsFSC/singletsSSC/singletsSSCB/CD45/NotMonocytes/nonDebris/lymphocytes/live/Dump+",222614
"2025_08_28_AB_08-INF207-04_SEB (Unmixed).fcs","/singletsFSC/singletsSSC/singletsSSCB/CD45/NotMonocytes/nonDebris/lymphocytes/live/Dump-",199242
"2025_08_28_AB_08-INF207-04_SEB (Unmixed).fcs","/singletsFSC/singletsSSC/singletsSSCB/CD45/NotMonocytes/nonDebris/lymphocytes/live/Dump-/Tcells",156863
"2025_08_28_AB_08-INF207-04_SEB (Unmixed).fcs","/singletsFSC/singletsSSC/singletsSSCB/CD45/NotMonocytes/nonDebris/lymphocytes/live/Dump-/Tcells/Vd2+",1359
"2025_08_28_AB_08-INF207-04_SEB (Unmixed).fcs","/singletsFSC/singletsSSC/singletsSSCB/CD45/NotMonocytes/nonDebris/lymphocytes/live/Dump-/Tcells/Vd2-",155504
"2025_08_28_AB_08-INF207-04_SEB (Unmixed).fcs","/singletsFSC/singletsSSC/singletsSSCB/CD45/NotMonocytes/nonDebris/lymphocytes/live/Dump-/Tcells/Vd2-/Va7.2+",1190
"2025_08_28_AB_08-INF207-04_SEB (Unmixed).fcs","/singletsFSC/singletsSSC/singletsSSCB/CD45/NotMonocytes/nonDebris/lymphocytes/live/Dump-/Tcells/Vd2-/Va7.2-",154314
"2025_08_28_AB_08-INF207-04_SEB (Unmixed).fcs","/singletsFSC/singletsSSC/singletsSSCB/CD45/NotMonocytes/nonDebris/lymphocytes/live/Dump-/Tcells/Vd2-/Va7.2-/CD4+",64194
"2025_08_28_AB_08-INF207-04_SEB (Unmixed).fcs","/singletsFSC/singletsSSC/singletsSSCB/CD45/NotMonocytes/nonDebris/lymphocytes/live/Dump-/Tcells/Vd2-/Va7.2-/CD4-",90120
"2025_08_28_AB_08-INF207-04_SEB (Unmixed).fcs","/singletsFSC/singletsSSC/singletsSSCB/CD45/NotMonocytes/nonDebris/lymphocytes/live/Dump-/Tcells/Vd2-/Va7.2-/CD4-/CD8+",78239
"2025_08_28_AB_08-INF207-04_SEB (Unmixed).fcs","/singletsFSC/singletsSSC/singletsSSCB/CD45/NotMonocytes/nonDebris/lymphocytes/live/Dump-/Tcells/Vd2-/Va7.2-/CD4-/CD8-",11881
"2025_08_28_AB_08-INF207-09_SEB (Unmixed).fcs","root",677136
"2025_08_28_AB_08-INF207-09_SEB (Unmixed).fcs","/singletsFSC",599173
"2025_08_28_AB_08-INF207-09_SEB (Unmixed).fcs","/singletsFSC/singletsSSC",485830
"2025_08_28_AB_08-INF207-09_SEB (Unmixed).fcs","/singletsFSC/singletsSSC/singletsSSCB",453507
"2025_08_28_AB_08-INF207-09_SEB (Unmixed).fcs","/singletsFSC/singletsSSC/singletsSSCB/CD45",446958
"2025_08_28_AB_08-INF207-09_SEB (Unmixed).fcs","/singletsFSC/singletsSSC/singletsSSCB/CD45/NotMonocytes",427922
"2025_08_28_AB_08-INF207-09_SEB (Unmixed).fcs","/singletsFSC/singletsSSC/singletsSSCB/CD45/NotMonocytes/nonDebris",422896
"2025_08_28_AB_08-INF207-09_SEB (Unmixed).fcs","/singletsFSC/singletsSSC/singletsSSCB/CD45/NotMonocytes/nonDebris/lymphocytes",402023
"2025_08_28_AB_08-INF207-09_SEB (Unmixed).fcs","/singletsFSC/singletsSSC/singletsSSCB/CD45/NotMonocytes/nonDebris/lymphocytes/live",381543
"2025_08_28_AB_08-INF207-09_SEB (Unmixed).fcs","/singletsFSC/singletsSSC/singletsSSCB/CD45/NotMonocytes/nonDebris/lymphocytes/live/Dump+",132357
"2025_08_28_AB_08-INF207-09_SEB (Unmixed).fcs","/singletsFSC/singletsSSC/singletsSSCB/CD45/NotMonocytes/nonDebris/lymphocytes/live/Dump-",249186
"2025_08_28_AB_08-INF207-09_SEB (Unmixed).fcs","/singletsFSC/singletsSSC/singletsSSCB/CD45/NotMonocytes/nonDebris/lymphocytes/live/Dump-/Tcells",221304
"2025_08_28_AB_08-INF207-09_SEB (Unmixed).fcs","/singletsFSC/singletsSSC/singletsSSCB/CD45/NotMonocytes/nonDebris/lymphocytes/live/Dump-/Tcells/Vd2+",1468
"2025_08_28_AB_08-INF207-09_SEB (Unmixed).fcs","/singletsFSC/singletsSSC/singletsSSCB/CD45/NotMonocytes/nonDebris/lymphocytes/live/Dump-/Tcells/Vd2-",219836
"2025_08_28_AB_08-INF207-09_SEB (Unmixed).fcs","/singletsFSC/singletsSSC/singletsSSCB/CD45/NotMonocytes/nonDebris/lymphocytes/live/Dump-/Tcells/Vd2-/Va7.2+",2197
"2025_08_28_AB_08-INF207-09_SEB (Unmixed).fcs","/singletsFSC/singletsSSC/singletsSSCB/CD45/NotMonocytes/nonDebris/lymphocytes/live/Dump-/Tcells/Vd2-/Va7.2-",217639
"2025_08_28_AB_08-INF207-09_SEB (Unmixed).fcs","/singletsFSC/singletsSSC/singletsSSCB/CD45/NotMonocytes/nonDebris/lymphocytes/live/Dump-/Tcells/Vd2-/Va7.2-/CD4+",149595
"2025_08_28_AB_08-INF207-09_SEB (Unmixed).fcs","/singletsFSC/singletsSSC/singletsSSCB/CD45/NotMonocytes/nonDebris/lymphocytes/live/Dump-/Tcells/Vd2-/Va7.2-/CD4-",68044
"2025_08_28_AB_08-INF207-09_SEB (Unmixed).fcs","/singletsFSC/singletsSSC/singletsSSCB/CD45/NotMonocytes/nonDebris/lymphocytes/live/Dump-/Tcells/Vd2-/Va7.2-/CD4-/CD8+",57314
"2025_08_28_AB_08-INF207-09_SEB (Unmixed).fcs","/singletsFSC/singletsSSC/singletsSSCB/CD45/NotMonocytes/nonDebris/lymphocytes/live/Dump-/Tcells/Vd2-/Va7.2-/CD4-/CD8-",10730
"2025_08_28_AB_08-NY068_08-SEB (Unmixed).fcs","root",935152
"2025_08_28_AB_08-NY068_08-SEB (Unmixed).fcs","/singletsFSC",840914
"2025_08_28_AB_08-NY068_08-SEB (Unmixed).fcs","/singletsFSC/singletsSSC",693857
"2025_08_28_AB_08-NY068_08-SEB (Unmixed).fcs","/singletsFSC/singletsSSC/singletsSSCB",662073
"2025_08_28_AB_08-NY068_08-SEB (Unmixed).fcs","/singletsFSC/singletsSSC/singletsSSCB/CD45",653249
"2025_08_28_AB_08-NY068_08-SEB (Unmixed).fcs","/singletsFSC/singletsSSC/singletsSSCB/CD45/NotMonocytes",630856
"2025_08_28_AB_08-NY068_08-SEB (Unmixed).fcs","/singletsFSC/singletsSSC/singletsSSCB/CD45/NotMonocytes/nonDebris",626249
"2025_08_28_AB_08-NY068_08-SEB (Unmixed).fcs","/singletsFSC/singletsSSC/singletsSSCB/CD45/NotMonocytes/nonDebris/lymphocytes",528024
"2025_08_28_AB_08-NY068_08-SEB (Unmixed).fcs","/singletsFSC/singletsSSC/singletsSSCB/CD45/NotMonocytes/nonDebris/lymphocytes/live",519850
"2025_08_28_AB_08-NY068_08-SEB (Unmixed).fcs","/singletsFSC/singletsSSC/singletsSSCB/CD45/NotMonocytes/nonDebris/lymphocytes/live/Dump+",45227
"2025_08_28_AB_08-NY068_08-SEB (Unmixed).fcs","/singletsFSC/singletsSSC/singletsSSCB/CD45/NotMonocytes/nonDebris/lymphocytes/live/Dump-",474623
"2025_08_28_AB_08-NY068_08-SEB (Unmixed).fcs","/singletsFSC/singletsSSC/singletsSSCB/CD45/NotMonocytes/nonDebris/lymphocytes/live/Dump-/Tcells",379284
"2025_08_28_AB_08-NY068_08-SEB (Unmixed).fcs","/singletsFSC/singletsSSC/singletsSSCB/CD45/NotMonocytes/nonDebris/lymphocytes/live/Dump-/Tcells/Vd2+",4913
"2025_08_28_AB_08-NY068_08-SEB (Unmixed).fcs","/singletsFSC/singletsSSC/singletsSSCB/CD45/NotMonocytes/nonDebris/lymphocytes/live/Dump-/Tcells/Vd2-",374371
"2025_08_28_AB_08-NY068_08-SEB (Unmixed).fcs","/singletsFSC/singletsSSC/singletsSSCB/CD45/NotMonocytes/nonDebris/lymphocytes/live/Dump-/Tcells/Vd2-/Va7.2+",30221
"2025_08_28_AB_08-NY068_08-SEB (Unmixed).fcs","/singletsFSC/singletsSSC/singletsSSCB/CD45/NotMonocytes/nonDebris/lymphocytes/live/Dump-/Tcells/Vd2-/Va7.2-",344150
"2025_08_28_AB_08-NY068_08-SEB (Unmixed).fcs","/singletsFSC/singletsSSC/singletsSSCB/CD45/NotMonocytes/nonDebris/lymphocytes/live/Dump-/Tcells/Vd2-/Va7.2-/CD4+",233473
"2025_08_28_AB_08-NY068_08-SEB (Unmixed).fcs","/singletsFSC/singletsSSC/singletsSSCB/CD45/NotMonocytes/nonDebris/lymphocytes/live/Dump-/Tcells/Vd2-/Va7.2-/CD4-",110677
"2025_08_28_AB_08-NY068_08-SEB (Unmixed).fcs","/singletsFSC/singletsSSC/singletsSSCB/CD45/NotMonocytes/nonDebris/lymphocytes/live/Dump-/Tcells/Vd2-/Va7.2-/CD4-/CD8+",103279
"2025_08_28_AB_08-NY068_08-SEB (Unmixed).fcs","/singletsFSC/singletsSSC/singletsSSCB/CD45/NotMonocytes/nonDebris/lymphocytes/live/Dump-/Tcells/Vd2-/Va7.2-/CD4-/CD8-",7398
